Drop table DEPT;
CREATE TABLE DEPT
(
DEPTID NUMBER(2) CONSTRAINT DEPT_DEPTID_PK PRIMARY KEY,
DEPTNAME VARCHAR2(15),
LOCATION VARCHAR2(15),
EMPLOYEEID NUMBER(3)
);
Insert into DEPT Values (10, 'Finance', 'Charlotte', 123);
Insert into DEPT Values (20, 'InfoSys', 'New York', 543);
Insert into DEPT Values (30, 'Sales', 'Woodbridge', 135);
Insert into DEPT Values (40, 'Marketing', 'Los Angeles', 246);
COMMIT;

Drop table DEPENDENT;
CREATE TABLE DEPENDENT
(
EMPLOYEEID NUMBER(3),
DEPENDENTID NUMBER(1),
DEPDOB DATE,
RELATION VARCHAR2(15)
);
ALTER TABLE DEPENDENT ADD CONSTRAINT DEPENDENT_PK PRIMARY KEY(EMPLOYEEID, DEPENDENTID);
Insert into DEPENDENT Values (543, 2, TO_DATE('09/28/1954 00:00:00', 'MM/DD/YYYY HH24:MI:SS'), 'Spouse');
Insert into DEPENDENT Values (200, 1, TO_DATE('10/14/1988 00:00:00', 'MM/DD/YYYY HH24:MI:SS'), 'Son');
Insert into DEPENDENT Values (543, 1, TO_DATE('06/10/1976 00:00:00', 'MM/DD/YYYY HH24:MI:SS'), 'Spouse');
Insert into DEPENDENT Values (222, 1, TO_DATE('02/04/1975 00:00:00', 'MM/DD/YYYY HH24:MI:SS'), 'Spouse');
Insert into DEPENDENT Values (222, 2, TO_DATE('08/23/1997 00:00:00', 'MM/DD/YYYY HH24:MI:SS'), 'Son');
Insert into DEPENDENT Values (222, 3, TO_DATE('07/10/1999 00:00:00', 'MM/DD/YYYY HH24:MI:SS'), 'Daughter');
Insert into DEPENDENT Values (111, 1, TO_DATE('12/12/1945 00:00:00', 'MM/DD/YYYY HH24:MI:SS'), 'Spouse');
COMMIT;

Drop Table QUALIFICATION;
CREATE TABLE QUALIFICATION
(
QUALID NUMBER(1) CONSTRAINT QUALIFICATION_PK PRIMARY KEY,
QUALDESC VARCHAR2(15)
);
Insert into QUALIFICATION Values (1, 'Doctorate');
Insert into QUALIFICATION Values (2, 'Masters');
Insert into QUALIFICATION Values (3, 'Bachelors');
Insert into QUALIFICATION Values (4, 'Associates');
Insert into QUALIFICATION Values (5, 'High School');
COMMIT;

DROP TABLE EMPLOYEE;
CREATE TABLE EMPLOYEE
(
EMPLOYEEID NUMBER(3) CONSTRAINT EMPLOYEE_EMPLOYEEID_PK PRIMARY KEY,
LNAME VARCHAR2(10) CONSTRAINT EMPLOYEE_LN_NN NOT NULL,
FNAME VARCHAR2(10) CONSTRAINT EMPLOYEE_FN_NN NOT NULL,
POSITIONID NUMBER(1),
SUPERVISOR NUMBER(3),
HIREDATE DATE,
SALARY NUMBER(6),
COMMISSION NUMBER(5),
DEPTID NUMBER(2),
QUALID NUMBER(1)
);

Insert into EMPLOYEE Values (111, 'Smith', 'John', 1, NULL, TO_DATE('04/15/1960 00:00:00', 'MM/DD/YYYY HH24:MI:SS'), 265000, 35000, 10, 1);
Insert into EMPLOYEE Values (246, 'Houston', 'Larry', 2, 111, TO_DATE('05/19/1967 00:00:00', 'MM/DD/YYYY HH24:MI:SS'), 150000, 10000, 40, 2);
Insert into EMPLOYEE Values (123, 'Roberts', 'Sandi', 2, 111, TO_DATE('12/02/1991 00:00:00', 'MM/DD/YYYY HH24:MI:SS'), 75000, NULL, 10, 2);
Insert into EMPLOYEE Values (433, 'McCall', 'Alex', 3, 543, TO_DATE('05/10/1997 00:00:00', 'MM/DD/YYYY HH24:MI:SS'), 66500, NULL, 20, 4);
Insert into EMPLOYEE Values (543, 'Dev', 'Derek', 2, 111, TO_DATE('03/15/1995 00:00:00', 'MM/DD/YYYY HH24:MI:SS'), 80000, 20000, 20, 1);
Insert into EMPLOYEE Values (200, 'Shaw', 'Jinku', 5, 135, TO_DATE('01/03/2000 00:00:00', 'MM/DD/YYYY HH24:MI:SS'), 24500, 3000, 30, NULL);
Insert into EMPLOYEE Values (135, 'Garner', 'Stanley', 2, 111, TO_DATE('02/29/1996 00:00:00', 'MM/DD/YYYY HH24:MI:SS'), 45000, 5000, 30, 5);
Insert into EMPLOYEE Values (222, 'Chen', 'Sunny', 4, 123, TO_DATE('08/15/1999 00:00:00', 'MM/DD/YYYY HH24:MI:SS'), 35000, NULL, 10, 3);
COMMIT;

Drop table EMPLEVEL;
CREATE TABLE EMPLEVEL
(
LEVELNO NUMBER(1) CONSTRAINT EMPLEVEL_PK PRIMARY KEY,
LOWSALARY NUMBER(10),
HIGHSALARY NUMBER(10)
);
Insert into EMPLEVEL Values (1, 1, 25000);
Insert into EMPLEVEL Values (2, 25001, 50000);
Insert into EMPLEVEL Values (3, 50001, 100000);
Insert into EMPLEVEL Values (4, 100001, 500000);
COMMIT;

Drop table POSITION;
CREATE TABLE POSITION
(
POSITIONID NUMBER(1) CONSTRAINT POSITION_PK PRIMARY KEY,
POSDESC VARCHAR2(15)
);
Insert into POSITION Values (1, 'President');
Insert into POSITION Values (2, 'Manager');
Insert into POSITION Values (3, 'Programmer');
Insert into POSITION Values (4, 'Accountant');
Insert into POSITION Values (5, 'Salesman');
COMMIT;
ALTER TABLE DEPT ADD CONSTRAINT DEPT_EMPLOYEEID_FK FOREIGN KEY (EMPLOYEEID) REFERENCES EMPLOYEE (EMPLOYEEID);

ALTER TABLE DEPENDENT ADD CONSTRAINT DEPENDENT_EMPLOYEEID_FK FOREIGN KEY (EMPLOYEEID) REFERENCES EMPLOYEE (EMPLOYEEID);

ALTER TABLE EMPLOYEE ADD
(
CONSTRAINT EMPLOYEE_DEPTID_FK FOREIGN KEY (DEPTID) REFERENCES DEPT (DEPTID),
CONSTRAINT EMPLOYEE_POSITIONID_FK FOREIGN KEY (POSITIONID)REFERENCES POSITION (POSITIONID),
CONSTRAINT EMPLOYEE_QUALID_FK FOREIGN KEY (QUALID) REFERENCES QUALIFICATION (QUALID)
);

ALTER TABLE EMPLOYEE ADD CONSTRAINT EMPLOYEE_SUPER_EMPLOYEEID_FK FOREIGN KEY (SUPERVISOR) REFERENCES EMPLOYEE(EMPLOYEEID);